Site,Habitat,Year,Transect,PQ,Turf_CCA,Coral,Ecklonia radiata,Other,Macroalgae,Sand,Sponge,Other_invertebrate
McAuleys,Inshore,2019,1,P3200393.JPG,3,1,0,0,2,1,18,0
McAuleys,Inshore,2019,1,P3200394.JPG,12,0,3,4,5,0,1,0
McAuleys,Inshore,2019,1,P3200395.JPG,8,0,6,3,2,0,6,0
McAuleys,Inshore,2019,1,P3200396.JPG,18,0,0,2,3,2,0,0
McAuleys,Inshore,2019,1,P3200397.JPG,9,0,5,0,8,0,3,0
McAuleys,Inshore,2019,1,P3200398.JPG,4,0,10,3,6,0,2,0
McAuleys,Inshore,2019,2,P3200400.JPG,14,0,3,0,0,0,8,0
McAuleys,Inshore,2019,2,P3200401.JPG,4,0,2,2,9,0,8,0
McAuleys,Inshore,2019,2,P3200402.JPG,4,0,10,4,5,2,0,0
McAuleys,Inshore,2019,2,P3200403.JPG,1,0,14,5,3,0,2,0
McAuleys,Inshore,2019,2,P3200404.JPG,2,0,0,3,8,4,8,0
McAuleys,Inshore,2019,2,P3200405.JPG,9,0,1,1,0,0,14,0
McAuleys,Inshore,2019,2,P3200406.JPG,5,0,11,1,0,0,8,0
McAuleys,Inshore,2019,2,P3200407.JPG,1,0,12,5,7,0,0,0
McAuleys,Inshore,2019,3,P3200409.JPG,1,0,15,1,5,0,3,0
McAuleys,Inshore,2019,3,P3200410.JPG,3,0,14,3,1,0,4,0
McAuleys,Inshore,2019,3,P3200411.JPG,3,0,14,2,2,2,2,0
McAuleys,Inshore,2019,3,P3200412.JPG,2,0,18,0,5,0,0,0
McAuleys,Inshore,2019,3,P3200413.JPG,7,0,12,4,1,0,1,0
McAuleys,Inshore,2019,3,P3200414.JPG,3,0,8,0,6,0,8,0
McAuleys,Inshore,2019,3,P3200415.JPG,0,0,23,1,0,0,1,0
McAuleys,Inshore,2019,3,P3200416.JPG,4,0,14,0,2,0,5,0
McAuleys,Inshore,2019,3,P3200417.JPG,0,0,20,2,0,3,0,0
McAuleys,Inshore,2019,3,P3200418.JPG,5,0,16,1,2,0,1,0
McAuleys,Inshore,2019,3,P3200419.JPG,3,0,0,5,10,0,7,0
McAuleys,Inshore,2019,3,P3200420.JPG,0,0,24,0,1,0,0,0
McAuleys,Inshore,2019,4,P3200422.JPG,0,0,20,2,1,0,2,0
McAuleys,Inshore,2019,4,P3200423.JPG,0,0,24,1,0,0,0,0
McAuleys,Inshore,2019,4,P3200424.JPG,4,0,10,1,6,0,4,0
McAuleys,Inshore,2019,4,P3200425.JPG,1,0,21,3,0,0,0,0
McAuleys,Inshore,2019,4,P3200426.JPG,5,0,10,2,0,1,7,0
McAuleys,Inshore,2019,4,P3200427.JPG,1,0,18,5,0,0,1,0
McAuleys,Inshore,2019,4,P3200428.JPG,3,0,15,4,0,0,3,0
McAuleys,Inshore,2019,5,P3200431.JPG,2,0,21,0,1,1,0,0
McAuleys,Inshore,2019,5,P3200432.JPG,1,0,16,1,6,0,1,0
McAuleys,Inshore,2019,5,P3200433.JPG,2,0,7,2,7,0,7,0
McAuleys,Inshore,2019,5,P3200434.JPG,1,0,21,0,3,0,0,0
McAuleys,Inshore,2019,5,P3200435.JPG,6,0,3,3,5,3,5,0
McAuleys,Inshore,2019,5,P3200436.JPG,1,0,5,4,8,0,7,0
McAuleys,Inshore,2019,6,P3200439.JPG,3,0,12,4,1,1,4,0
McAuleys,Inshore,2019,6,P3200440.JPG,2,0,1,2,9,0,11,0
McAuleys,Inshore,2019,6,P3200441.JPG,2,0,14,7,1,1,0,0
McAuleys,Inshore,2019,6,P3200442.JPG,2,0,5,3,7,1,7,0
McAuleys,Inshore,2019,6,P3200443.JPG,2,0,0,2,9,1,11,0
McAuleys,Inshore,2019,6,P3200444.JPG,7,0,0,6,5,1,6,0
McAuleys,Inshore,2019,6,P3200445.JPG,3,0,1,3,5,9,4,0
McAuleys,Inshore,2019,7,P3200448.JPG,4,0,9,1,10,1,0,0
McAuleys,Inshore,2019,7,P3200449.JPG,16,0,1,3,0,4,1,0
McAuleys,Inshore,2019,7,P3200450.JPG,2,0,14,3,0,0,6,0
McAuleys,Inshore,2019,7,P3200451.JPG,9,0,2,0,0,14,0,0
McAuleys,Inshore,2019,7,P3200452.JPG,12,0,0,0,0,13,0,0
McAuleys,Inshore,2019,7,P3200453.JPG,1,0,23,1,0,0,0,0
Corindi,Inshore,2019,1,P3220008.JPG,10,0,3,3,5,0,4,0
Corindi,Inshore,2019,1,P3220009.JPG,9,2,0,4,9,0,1,0
Corindi,Inshore,2019,1,P3220011.JPG,5,0,18,2,0,0,0,0
Corindi,Inshore,2019,1,P3220012.JPG,4,0,18,3,0,0,0,0
Corindi,Inshore,2019,1,P3220013.JPG,0,0,25,0,0,0,0,0
Corindi,Inshore,2019,1,P3220014.JPG,11,0,12,2,0,0,0,0
Corindi,Inshore,2019,1,P3220016.JPG,8,0,14,3,0,0,0,0
Corindi,Inshore,2019,1,P3220017.JPG,5,0,20,0,0,0,0,0
Corindi,Inshore,2019,1,P3220018.JPG,2,0,23,0,0,0,0,0
Corindi,Inshore,2019,1,P3220019.JPG,1,0,22,2,0,0,0,0
Corindi,Inshore,2019,2,P3220021.JPG,8,2,0,5,6,0,4,0
Corindi,Inshore,2019,2,P3220023.JPG,4,0,19,2,0,0,0,0
Corindi,Inshore,2019,2,P3220024.JPG,12,2,3,8,0,0,0,0
Corindi,Inshore,2019,2,P3220025.JPG,17,3,5,0,0,0,0,0
Corindi,Inshore,2019,2,P3220026.JPG,5,14,0,2,1,3,0,0
Corindi,Inshore,2019,2,P3220027.JPG,10,6,4,3,2,0,0,0
Corindi,Inshore,2019,2,P3220029.JPG,7,7,0,7,3,0,1,0
Corindi,Inshore,2019,2,P3220030.JPG,1,0,18,6,0,0,0,0
Corindi,Inshore,2019,2,P3220031.JPG,0,0,23,2,0,0,0,0
Corindi,Inshore,2019,3,P3220033.JPG,0,0,21,4,0,0,0,0
Corindi,Inshore,2019,3,P3220034.JPG,7,11,0,3,4,0,0,0
Corindi,Inshore,2019,3,P3220035.JPG,6,0,13,5,0,0,1,0
Corindi,Inshore,2019,3,P3220037.JPG,11,8,0,3,3,0,0,0
Corindi,Inshore,2019,3,P3220038.JPG,7,10,0,1,3,0,4,0
Corindi,Inshore,2019,3,P3220039.JPG,16,0,0,5,1,0,3,0
Corindi,Inshore,2019,3,P3220041.JPG,10,0,13,2,0,0,0,0
Corindi,Inshore,2019,3,P3220042.JPG,17,2,0,3,0,2,1,0
Corindi,Inshore,2019,3,P3220043.JPG,1,0,22,2,0,0,0,0
Corindi,Inshore,2019,3,P3220044.JPG,13,0,8,3,0,0,1,0
Corindi,Inshore,2019,4,P3220046.JPG,4,0,21,0,0,0,0,0
Corindi,Inshore,2019,4,P3220047.JPG,2,0,20,3,0,0,0,0
Corindi,Inshore,2019,4,P3220048.JPG,1,0,20,4,0,0,0,0
Corindi,Inshore,2019,4,P3220049.JPG,0,0,22,3,0,0,0,0
Corindi,Inshore,2019,4,P3220050.JPG,9,1,3,8,0,1,3,0
Corindi,Inshore,2019,4,P3220051.JPG,10,1,0,3,9,0,2,0
Corindi,Inshore,2019,4,P3220052.JPG,5,0,14,5,0,0,1,0
Corindi,Inshore,2019,4,P3220053.JPG,11,0,6,7,0,1,0,0
Corindi,Inshore,2019,4,P3220054.JPG,11,0,9,3,0,1,1,0
Corindi,Inshore,2019,5,P3220056.JPG,0,0,22,3,0,0,0,0
Corindi,Inshore,2019,5,P3220057.JPG,5,0,0,0,0,20,0,0
Corindi,Inshore,2019,5,P3220058.JPG,14,0,5,0,0,3,3,0
Corindi,Inshore,2019,5,P3220061.JPG,0,0,25,0,0,0,0,0
Corindi,Inshore,2019,5,P3220062.JPG,10,0,14,0,0,0,1,0
Corindi,Inshore,2019,5,P3220064.JPG,14,0,0,1,0,0,10,0
Corindi,Inshore,2019,6,P3220066.JPG,10,1,8,2,0,0,4,0
Corindi,Inshore,2019,6,P3220067.JPG,13,0,11,1,0,0,0,0
Corindi,Inshore,2019,6,P3220070.JPG,12,0,10,2,0,0,1,0
Corindi,Inshore,2019,6,P3220071.JPG,3,4,17,1,0,0,0,0
Corindi,Inshore,2019,6,P3220072.JPG,3,0,18,4,0,0,0,0
Corindi,Inshore,2019,6,P3220073.JPG,2,0,2,2,1,18,0,0
Corindi,Inshore,2019,6,P3220074.JPG,2,0,0,0,0,23,0,0
Corindi,Inshore,2019,6,P3220075.JPG,5,0,15,5,0,0,0,0
Corindi,Inshore,2019,6,P3220077.JPG,0,0,23,2,0,0,0,0
Corindi,Inshore,2019,7,P3220080.JPG,15,2,3,2,0,0,3,0
Corindi,Inshore,2019,7,P3220081.JPG,5,0,12,4,0,1,3,0
Corindi,Inshore,2019,7,P3220082.JPG,0,0,22,3,0,0,0,0
Corindi,Inshore,2019,7,P3220083.JPG,1,0,16,8,0,0,0,0
Corindi,Inshore,2019,7,P3220084.JPG,12,0,5,4,1,3,0,0
Corindi,Inshore,2019,7,P3220085.JPG,0,0,20,5,0,0,0,0
Corindi,Inshore,2019,7,P3220088.JPG,12,0,12,1,0,0,0,0
Corindi,Inshore,2019,7,P3220090.JPG,6,8,7,4,0,0,0,0
Corindi,Inshore,2019,7,P3220096.JPG,14,0,11,0,0,0,0,0
Bare_Bluff,Inshore,2019,1,P3210282.JPG,13,0,7,0,1,1,3,0
Bare_Bluff,Inshore,2019,1,P3210283.JPG,9,0,2,5,9,0,0,0
Bare_Bluff,Inshore,2019,1,P3210284.JPG,10,0,8,6,1,0,0,0
Bare_Bluff,Inshore,2019,1,P3210286.JPG,0,0,24,1,0,0,0,0
Bare_Bluff,Inshore,2019,1,P3210287.JPG,1,0,9,0,0,15,0,0
Bare_Bluff,Inshore,2019,1,P3210288.JPG,6,0,2,4,0,13,0,0
Bare_Bluff,Inshore,2019,1,P3210289.JPG,0,0,21,0,0,4,0,0
Bare_Bluff,Inshore,2019,2,P3210291.JPG,0,0,21,4,0,0,0,0
Bare_Bluff,Inshore,2019,2,P3210292.JPG,3,0,14,6,0,2,0,0
Bare_Bluff,Inshore,2019,2,P3210293.JPG,3,0,18,4,0,0,0,0
Bare_Bluff,Inshore,2019,2,P3210295.JPG,2,0,18,5,0,0,0,0
Bare_Bluff,Inshore,2019,2,P3210296.JPG,1,0,15,9,0,0,0,0
Bare_Bluff,Inshore,2019,2,P3210297.JPG,1,0,14,4,1,5,0,0
Bare_Bluff,Inshore,2019,2,P3210298.JPG,6,0,0,3,4,12,0,0
Bare_Bluff,Inshore,2019,2,P3210299.JPG,0,0,12,1,0,12,0,0
Bare_Bluff,Inshore,2019,2,P3210300.JPG,11,0,3,3,3,0,5,0
Bare_Bluff,Inshore,2019,2,P3210301.JPG,2,0,2,5,5,11,0,0
Bare_Bluff,Inshore,2019,3,P3210303.JPG,12,0,0,0,9,4,0,0
Bare_Bluff,Inshore,2019,3,P3210304.JPG,0,0,18,2,0,5,0,0
Bare_Bluff,Inshore,2019,3,P3210305.JPG,16,0,0,6,0,2,1,0
Bare_Bluff,Inshore,2019,3,P3210306.JPG,10,0,12,2,0,0,1,0
Bare_Bluff,Inshore,2019,3,P3210308.JPG,2,0,9,5,0,9,0,0
Bare_Bluff,Inshore,2019,3,P3210309.JPG,7,0,5,8,0,3,2,0
Bare_Bluff,Inshore,2019,3,P3210310.JPG,2,0,11,6,0,6,0,0
Bare_Bluff,Inshore,2019,3,P3210311.JPG,2,0,20,2,1,0,0,0
Bare_Bluff,Inshore,2019,3,P3210312.JPG,3,0,20,2,0,0,0,0
Bare_Bluff,Inshore,2019,3,P3210313.JPG,7,0,6,4,6,0,2,0
Bare_Bluff,Inshore,2019,4,P3210315.JPG,0,0,0,0,0,25,0,0
Bare_Bluff,Inshore,2019,4,P3210316.JPG,1,0,0,1,14,9,0,0
Bare_Bluff,Inshore,2019,4,P3210317.JPG,10,0,0,2,9,4,0,0
Bare_Bluff,Inshore,2019,4,P3210318.JPG,0,0,1,1,11,12,0,0
Bare_Bluff,Inshore,2019,4,P3210319.JPG,7,0,11,2,1,2,2,0
Bare_Bluff,Inshore,2019,4,P3210321.JPG,11,0,10,2,2,0,0,0
Bare_Bluff,Inshore,2019,4,P3210322.JPG,0,0,15,3,3,2,2,0
Bare_Bluff,Inshore,2019,4,P3210323.JPG,11,0,6,7,0,0,1,0
Bare_Bluff,Inshore,2019,4,P3210324.JPG,10,0,2,3,7,0,2,1
Bare_Bluff,Inshore,2019,5,P3210326.JPG,6,0,2,7,6,0,4,0
Bare_Bluff,Inshore,2019,5,P3210327.JPG,10,0,5,6,3,0,1,0
Bare_Bluff,Inshore,2019,5,P3210328.JPG,4,0,17,4,0,0,0,0
Bare_Bluff,Inshore,2019,5,P3210329.JPG,0,0,15,10,0,0,0,0
Bare_Bluff,Inshore,2019,5,P3210330.JPG,7,0,15,3,0,0,0,0
Bare_Bluff,Inshore,2019,5,P3210331.JPG,12,0,3,4,3,3,0,0
Bare_Bluff,Inshore,2019,5,P3210332.JPG,3,0,7,2,12,0,1,0
Bare_Bluff,Inshore,2019,5,P3210334.JPG,3,0,9,7,3,2,1,0
Bare_Bluff,Inshore,2019,6,P3210336.JPG,2,0,10,11,0,0,2,0
Bare_Bluff,Inshore,2019,6,P3210337.JPG,2,0,8,7,5,0,3,0
Bare_Bluff,Inshore,2019,6,P3210338.JPG,14,0,1,6,4,0,0,0
Bare_Bluff,Inshore,2019,6,P3210339.JPG,9,0,1,7,5,0,3,0
Bare_Bluff,Inshore,2019,6,P3210340.JPG,14,0,0,2,3,1,5,0
Bare_Bluff,Inshore,2019,6,P3210341.JPG,11,0,1,4,7,0,2,0
Bare_Bluff,Inshore,2019,6,P3210342.JPG,2,0,13,2,0,3,5,0
Bare_Bluff,Inshore,2019,7,P3210344.JPG,8,0,0,5,0,12,0,0
Bare_Bluff,Inshore,2019,7,P3210345.JPG,5,0,5,7,5,0,3,0
Bare_Bluff,Inshore,2019,7,P3210346.JPG,8,0,3,2,5,0,7,0
Bare_Bluff,Inshore,2019,7,P3210347.JPG,2,0,10,8,2,1,2,0
Bare_Bluff,Inshore,2019,7,P3210348.JPG,9,0,0,5,8,0,3,0
Bare_Bluff,Inshore,2019,7,P3210349.JPG,9,0,0,8,3,3,2,0
Bare_Bluff,Inshore,2019,7,P3210350.JPG,4,0,0,5,9,1,6,0
Bare_Bluff,Inshore,2019,7,P3210351.JPG,1,0,8,8,3,0,5,0
Bare_Bluff,Inshore,2019,7,P3210352.JPG,7,0,0,4,9,0,5,0
Split,Midshelf,2019,1,SplitP3200455.JPG,14,9,0,0,0,1,1,0
Split,Midshelf,2019,1,SplitP3200456.JPG,1,17,0,0,0,0,6,1
Split,Midshelf,2019,1,SplitP3200457.JPG,3,6,0,0,0,0,10,6
Split,Midshelf,2019,1,SplitP3200458.JPG,6,0,0,0,0,0,19,0
Split,Midshelf,2019,1,SplitP3200459.JPG,12,2,0,1,0,0,9,1
Split,Midshelf,2019,1,SplitP3200460.JPG,10,4,0,1,0,1,6,3
Split,Midshelf,2019,1,SplitP3200461.JPG,4,5,0,0,1,0,13,2
Split,Midshelf,2019,1,SplitP3200462.JPG,12,5,0,0,0,4,4,0
Split,Midshelf,2019,1,SplitP3200463.JPG,10,0,0,0,0,1,14,0
Split,Midshelf,2019,1,SplitP3200464.JPG,4,0,0,1,0,0,19,1
Split,Midshelf,2019,1,SplitP3200465.JPG,15,1,0,0,0,0,9,0
Split,Midshelf,2019,2,SplitP3200467.JPG,11,4,0,0,0,7,2,1
Split,Midshelf,2019,2,SplitP3200468.JPG,8,0,0,2,0,1,14,0
Split,Midshelf,2019,2,SplitP3200469.JPG,7,2,0,1,6,2,7,0
Split,Midshelf,2019,2,SplitP3200470.JPG,3,0,0,1,13,4,4,0
Split,Midshelf,2019,2,SplitP3200471.JPG,15,0,0,1,2,0,4,3
Split,Midshelf,2019,2,SplitP3200472.JPG,4,0,0,4,9,0,8,0
Split,Midshelf,2019,2,SplitP3200473.JPG,6,0,0,0,7,0,12,0
Split,Midshelf,2019,2,SplitP3200474.JPG,11,0,0,1,9,0,3,1
Split,Midshelf,2019,2,SplitP3200475.JPG,7,0,0,1,11,3,3,0
Split,Midshelf,2019,3,SplitP3200479.JPG,17,0,0,2,3,0,3,0
Split,Midshelf,2019,3,SplitP3200480.JPG,22,0,0,1,0,0,2,0
Split,Midshelf,2019,3,SplitP3200482.JPG,4,14,0,0,0,0,7,0
Split,Midshelf,2019,3,SplitP3200483.JPG,3,0,0,0,0,0,22,0
Split,Midshelf,2019,3,SplitP3200484.JPG,4,0,0,0,2,0,19,0
Split,Midshelf,2019,3,SplitP3200485.JPG,5,0,0,2,0,0,18,0
Split,Midshelf,2019,4,SplitP3200495.JPG,15,3,0,0,0,4,3,0
Split,Midshelf,2019,4,SplitP3200496.JPG,15,0,0,1,0,0,9,0
Split,Midshelf,2019,4,SplitP3200497.JPG,7,0,0,2,1,0,15,0
Split,Midshelf,2019,4,SplitP3200498.JPG,11,1,0,2,0,0,11,0
Split,Midshelf,2019,4,SplitP3200499.JPG,0,1,0,2,0,1,21,0
Split,Midshelf,2019,4,SplitP3200500.JPG,0,0,0,2,0,0,23,0
Surgeons,Midshelf,2019,1,P3190553.JPG,14,8,0,2,0,1,0,0
Surgeons,Midshelf,2019,1,P3190554.JPG,11,6,0,1,0,0,7,0
Surgeons,Midshelf,2019,1,P3190555.JPG,13,6,0,1,0,0,4,1
Surgeons,Midshelf,2019,1,P3190556.JPG,17,3,0,2,1,0,2,0
Surgeons,Midshelf,2019,1,P3190557.JPG,8,12,0,1,0,3,1,0
Surgeons,Midshelf,2019,1,P3190558.JPG,12,1,0,0,0,0,11,1
Surgeons,Midshelf,2019,1,P3190559.JPG,20,2,0,1,1,0,1,0
Surgeons,Midshelf,2019,2,P3190560.JPG,6,5,0,14,0,0,0,0
Surgeons,Midshelf,2019,2,P3190561.JPG,19,0,0,6,0,0,0,0
Surgeons,Midshelf,2019,2,P3190562.JPG,9,1,0,1,0,0,12,2
Surgeons,Midshelf,2019,2,P3190563.JPG,6,0,0,2,0,0,17,0
Surgeons,Midshelf,2019,2,P3190564.JPG,13,3,0,1,1,5,2,0
Surgeons,Midshelf,2019,2,P3190565.JPG,10,0,0,3,1,1,5,5
Surgeons,Midshelf,2019,2,P3190566.JPG,11,1,0,3,0,0,10,0
Surgeons,Midshelf,2019,2,P3190567.JPG,17,5,0,0,0,0,2,1
Surgeons,Midshelf,2019,2,P3190568..JPG,17,1,0,2,0,0,5,0
Surgeons,Midshelf,2019,3,P3190569..JPG,21,0,0,2,0,0,1,1
Surgeons,Midshelf,2019,3,P3190570.JPG,25,0,0,0,0,0,0,0
Surgeons,Midshelf,2019,3,P3190571.JPG,7,11,0,3,0,0,4,0
Surgeons,Midshelf,2019,3,P3190572.JPG,15,4,0,4,0,0,2,0
Surgeons,Midshelf,2019,3,P3190573.JPG,4,18,0,2,0,0,1,0
Surgeons,Midshelf,2019,3,P3190574.JPG,20,0,0,1,0,0,2,2
Surgeons,Midshelf,2019,4,P3190575.JPG,1,5,0,18,0,0,0,1
Surgeons,Midshelf,2019,4,P3190576.JPG,9,14,0,0,2,0,0,0
Surgeons,Midshelf,2019,4,P3190577.JPG,15,6,0,4,0,0,0,0
Surgeons,Midshelf,2019,4,P3190578.JPG,15,7,0,0,0,0,3,0
Surgeons,Midshelf,2019,4,P3190579.JPG,6,10,0,5,0,4,0,0
Surgeons,Midshelf,2019,4,P3190580.JPG,14,0,0,0,0,0,11,0
Surgeons,Midshelf,2019,4,P3190581.JPG,17,2,0,2,0,0,4,0
Surgeons,Midshelf,2019,5,P3190582..JPG,13,7,0,2,0,0,3,0
Surgeons,Midshelf,2019,5,P3190584.JPG,8,6,0,10,1,0,0,0
Surgeons,Midshelf,2019,5,P3190585.JPG,0,2,0,3,0,0,20,0
Surgeons,Midshelf,2019,5,P3190586.JPG,14,0,0,11,0,0,0,0
Surgeons,Midshelf,2019,5,P3190587.JPG,0,2,0,8,14,0,0,1
Surgeons,Midshelf,2019,5,P3190588.JPG,0,0,0,6,0,1,18,0
Surgeons,Midshelf,2019,5,P3190589.JPG,6,1,0,13,4,0,1,0
Surgeons,Midshelf,2019,5,P3190590...JPG,2,5,0,9,8,0,1,0
Surgeons,Midshelf,2019,6,P3190593.JPG,0,0,0,1,8,3,11,2
Surgeons,Midshelf,2019,6,P3190595.JPG,5,0,0,17,1,0,2,0
Surgeons,Midshelf,2019,6,P3190597.JPG,14,0,0,6,0,0,4,1
Surgeons,Midshelf,2019,6,P3190598.JPG,16,1,0,5,2,0,1,0
Surgeons,Midshelf,2019,6,P3190599.JPG,15,7,0,1,0,0,1,1
Surgeons,Midshelf,2019,6,P3190600.JPG,17,7,0,0,0,0,0,1
Surgeons,Midshelf,2019,6,P3190601...JPG,19,4,0,2,0,0,0,0
Surgeons,Midshelf,2019,6,P3190602...JPG,8,14,0,1,0,0,1,1
Surgeons,Midshelf,2019,7,P3190603.JPG,15,3,0,4,0,1,0,2
Surgeons,Midshelf,2019,7,P3190604.JPG,5,14,0,1,0,0,4,1
Surgeons,Midshelf,2019,7,P3190605.JPG,18,3,0,1,0,0,2,1
Surgeons,Midshelf,2019,7,P3190606.JPG,10,5,0,9,0,0,0,1
Surgeons,Midshelf,2019,7,P3190607.JPG,11,4,0,8,0,0,1,1
Surgeons,Midshelf,2019,7,P3190608.JPG,22,3,0,0,0,0,0,0
Surgeons,Midshelf,2019,7,P3190609.JPG,12,1,0,1,0,11,0,0
Surgeons,Midshelf,2019,7,P3190610.JPG,8,8,0,7,0,0,2,0
Surgeons,Midshelf,2019,8,P3190613.JPG,17,0,0,3,0,3,0,2
Surgeons,Midshelf,2019,8,P3190614.JPG,13,1,0,2,0,0,9,0
Surgeons,Midshelf,2019,8,P3190615.JPG,10,7,0,4,1,0,2,1
Surgeons,Midshelf,2019,8,P3190616.JPG,5,11,0,9,0,0,0,0
Surgeons,Midshelf,2019,8,P3190617.JPG,11,9,0,1,0,0,4,0
Surgeons,Midshelf,2019,8,P3190618.JPG,4,0,0,2,0,19,0,0
Surgeons,Midshelf,2019,8,P3190619.JPG,13,3,0,5,0,0,3,1
Surgeons,Midshelf,2019,8,P3190620.JPG,20,0,0,5,0,0,0,0
Surgeons,Midshelf,2019,8,P3190621.JPG,11,8,0,6,0,0,0,0
Sawtell,Midshelf,2019,1,P3200202.JPG,13,1,0,1,0,7,3,0
Sawtell,Midshelf,2019,1,P3200203.JPG,21,0,0,1,0,3,0,0
Sawtell,Midshelf,2019,1,P3200204.JPG,8,17,0,0,0,0,0,0
Sawtell,Midshelf,2019,1,P3200205.JPG,11,10,0,1,0,0,3,0
Sawtell,Midshelf,2019,1,P3200206.JPG,19,2,0,1,0,3,0,0
Sawtell,Midshelf,2019,1,P3200207.JPG,17,3,0,1,0,0,3,1
Sawtell,Midshelf,2019,1,P3200208.JPG,16,7,0,0,0,0,2,0
Sawtell,Midshelf,2019,1,P3200209.JPG,13,6,0,0,0,5,0,1
Sawtell,Midshelf,2019,2,P3200211.JPG,15,1,0,2,0,7,0,0
Sawtell,Midshelf,2019,2,P3200212.JPG,16,8,0,0,0,0,1,0
Sawtell,Midshelf,2019,2,P3200213.JPG,8,11,0,1,0,1,2,2
Sawtell,Midshelf,2019,2,P3200214.JPG,13,9,0,1,0,1,0,1
Sawtell,Midshelf,2019,2,P3200215.JPG,10,4,0,2,0,9,0,0
Sawtell,Midshelf,2019,2,P3200216.JPG,16,1,0,1,0,2,4,1
Sawtell,Midshelf,2019,2,P3200217.JPG,13,3,0,2,0,0,7,0
Sawtell,Midshelf,2019,2,P3200219.JPG,12,0,0,3,0,0,8,2
Sawtell,Midshelf,2019,3,P3200222.JPG,16,3,0,4,0,1,0,1
Sawtell,Midshelf,2019,3,P3200223.JPG,13,0,0,3,0,0,9,0
Sawtell,Midshelf,2019,3,P3200224.JPG,11,5,0,5,0,0,4,0
Sawtell,Midshelf,2019,3,P3200225.JPG,6,12,0,3,0,0,3,1
Sawtell,Midshelf,2019,3,P3200226.JPG,15,4,0,1,0,0,5,0
Sawtell,Midshelf,2019,3,P3200227.JPG,12,9,0,0,0,0,4,0
Sawtell,Midshelf,2019,3,P3200228.JPG,11,5,0,1,0,4,4,0
Sawtell,Midshelf,2019,4,P3200230.JPG,15,8,0,1,0,0,1,0
Sawtell,Midshelf,2019,4,P3200231.JPG,5,9,0,2,0,6,2,1
Sawtell,Midshelf,2019,4,P3200232.JPG,9,14,0,0,0,0,1,1
Sawtell,Midshelf,2019,4,P3200233.JPG,11,13,0,0,0,0,1,0
Sawtell,Midshelf,2019,4,P3200234.JPG,7,9,0,4,0,0,4,1
Sawtell,Midshelf,2019,4,P3200235.JPG,13,0,0,1,0,1,10,0
Sawtell,Midshelf,2019,5,P3200237.JPG,7,7,0,2,0,1,8,0
Sawtell,Midshelf,2019,5,P3200238.JPG,10,6,0,4,0,0,4,1
Sawtell,Midshelf,2019,5,P3200239.JPG,22,0,0,3,0,0,0,0
Sawtell,Midshelf,2019,5,P3200240.JPG,14,0,0,0,0,0,9,2
Sawtell,Midshelf,2019,5,P3200241.JPG,21,0,0,3,0,0,1,0
Sawtell,Midshelf,2019,5,P3200242.JPG,14,4,0,1,0,4,2,0
Sawtell,Midshelf,2019,5,P3200243.JPG,19,0,0,3,0,0,3,0
Sawtell,Midshelf,2019,6,P3200246.JPG,14,5,0,2,0,3,1,0
Sawtell,Midshelf,2019,6,P3200247.JPG,14,4,0,0,0,0,7,0
Sawtell,Midshelf,2019,6,P3200248.JPG,6,13,0,1,0,5,0,0
Sawtell,Midshelf,2019,6,P3200249.JPG,11,4,0,3,0,0,5,2
Sawtell,Midshelf,2019,6,P3200250.JPG,18,5,0,1,0,0,0,1
Sawtell,Midshelf,2019,6,P3200251.JPG,12,0,0,3,0,0,10,0
Sawtell,Midshelf,2019,6,P3200252.JPG,15,6,0,1,0,0,3,0
Sawtell,Midshelf,2019,7,P3200255.JPG,6,13,0,1,0,3,2,0
Sawtell,Midshelf,2019,7,P3200256.JPG,9,12,0,0,0,0,4,0
Sawtell,Midshelf,2019,7,P3200257.JPG,9,9,0,5,0,0,2,0
Sawtell,Midshelf,2019,7,P3200258.JPG,10,0,0,8,0,2,4,1
Sawtell,Midshelf,2019,7,P3200259.JPG,6,10,0,0,0,0,9,0
Sawtell,Midshelf,2019,7,P3200260.JPG,10,6,0,1,0,0,8,0
Sawtell,Midshelf,2019,7,P3200261.JPG,10,6,0,0,0,0,8,1
Sawtell,Midshelf,2019,8,P3200264.JPG,3,17,0,2,0,0,3,0
Sawtell,Midshelf,2019,8,P3200265.JPG,12,8,0,2,0,0,3,0
Sawtell,Midshelf,2019,8,P3200266.JPG,16,1,0,1,0,3,1,3
Sawtell,Midshelf,2019,8,P3200267.JPG,15,0,0,0,0,0,9,1
Sawtell,Midshelf,2019,8,P3200268.JPG,15,4,0,1,0,2,2,1
Sawtell,Midshelf,2019,8,P3200269.JPG,16,1,0,1,0,2,4,1
Sawtell,Midshelf,2019,8,P3200270.JPG,16,3,0,1,0,2,3,0
Whitmore,Midshelf,2019,1,P3200272.JPG,20,0,0,0,0,3,0,2
Whitmore,Midshelf,2019,1,P3200274.JPG,19,0,0,0,0,1,3,2
Whitmore,Midshelf,2019,1,P3200275.JPG,11,1,0,2,0,4,4,3
Whitmore,Midshelf,2019,1,P3200276.JPG,24,0,0,0,0,0,0,1
Whitmore,Midshelf,2019,1,P3200277.JPG,21,0,0,0,0,0,2,2
Whitmore,Midshelf,2019,1,P3200278.JPG,19,0,0,1,0,0,2,3
Whitmore,Midshelf,2019,1,P3200279.JPG,18,0,0,1,0,1,1,4
Whitmore,Midshelf,2019,1,P3200280.JPG,5,16,0,1,0,0,2,1
Whitmore,Midshelf,2019,2,P3200282.JPG,16,3,0,1,0,2,3,0
Whitmore,Midshelf,2019,2,P3200291.JPG,12,3,0,1,0,2,7,0
Whitmore,Midshelf,2019,2,P3200292.JPG,18,0,0,0,0,0,7,0
Whitmore,Midshelf,2019,2,P3200293.JPG,23,1,0,1,0,0,0,0
Whitmore,Midshelf,2019,2,P3200294.JPG,14,8,0,1,0,0,2,0
Whitmore,Midshelf,2019,2,P3200295.JPG,18,4,0,0,0,3,0,0
Whitmore,Midshelf,2019,2,P3200296.JPG,15,2,0,2,0,2,2,2
Whitmore,Midshelf,2019,2,P3200297.JPG,16,8,0,0,0,0,1,0
Whitmore,Midshelf,2019,3,P3200302.JPG,11,9,0,0,0,5,0,0
Whitmore,Midshelf,2019,3,P3200303.JPG,13,0,0,0,0,2,10,0
Whitmore,Midshelf,2019,3,P3200304.JPG,18,5,0,0,0,0,1,1
Whitmore,Midshelf,2019,3,P3200305.JPG,12,10,0,0,0,3,0,0
Whitmore,Midshelf,2019,3,P3200306.JPG,7,14,0,1,0,1,2,0
Whitmore,Midshelf,2019,3,P3200307.JPG,23,1,0,1,0,0,0,0
Whitmore,Midshelf,2019,3,P3200308.JPG,10,13,0,1,0,0,1,0
Whitmore,Midshelf,2019,3,P3200310.JPG,17,3,0,3,1,0,1,0
Whitmore,Midshelf,2019,3,P3200311.JPG,17,3,0,1,0,0,4,0
Whitmore,Midshelf,2019,3,P3200312.JPG,21,0,0,2,0,2,0,0
Whitmore,Midshelf,2019,4,P3200314.JPG,20,3,0,0,0,0,2,0
Whitmore,Midshelf,2019,4,P3200315.JPG,19,2,0,2,0,1,1,0
Whitmore,Midshelf,2019,4,P3200316.JPG,21,2,0,0,0,0,2,0
Whitmore,Midshelf,2019,4,P3200317.JPG,12,6,0,4,0,1,2,0
Whitmore,Midshelf,2019,4,P3200318.JPG,17,0,0,4,0,0,4,0
Whitmore,Midshelf,2019,4,P3200320.JPG,14,2,0,0,0,1,8,0
Whitmore,Midshelf,2019,4,P3200321.JPG,14,5,0,1,1,0,4,0
Whitmore,Midshelf,2019,4,P3200322.JPG,20,0,0,1,0,0,4,0
Whitmore,Midshelf,2019,5,P3200324.JPG,13,9,0,0,0,0,3,0
Whitmore,Midshelf,2019,5,P3200325.JPG,19,3,0,1,0,1,0,1
Whitmore,Midshelf,2019,5,P3200326.JPG,16,2,0,1,0,0,5,1
Whitmore,Midshelf,2019,5,P3200327.JPG,8,1,0,1,0,3,12,0
Whitmore,Midshelf,2019,5,P3200328.JPG,14,10,0,0,0,0,1,0
Whitmore,Midshelf,2019,5,P3200330.JPG,25,0,0,0,0,0,0,0
Whitmore,Midshelf,2019,5,P3200331.JPG,16,5,0,1,0,0,3,0
Whitmore,Midshelf,2019,5,P3200332.JPG,24,0,0,0,0,0,1,0
Whitmore,Midshelf,2019,6,P3200335.JPG,12,0,0,0,0,0,12,1
Whitmore,Midshelf,2019,6,P3200336.JPG,18,0,0,1,0,0,2,4
Whitmore,Midshelf,2019,6,P3200337.JPG,19,0,0,0,0,1,3,2
Whitmore,Midshelf,2019,6,P3200340.JPG,22,0,0,0,0,0,1,2
Whitmore,Midshelf,2019,6,P3200342.JPG,13,0,0,1,0,0,9,2
Whitmore,Midshelf,2019,6,P3200343.JPG,19,0,0,0,0,0,6,0
Whitmore,Midshelf,2019,6,P3200344.JPG,14,2,0,1,0,0,5,3
Whitmore,Midshelf,2019,6,P3200345.JPG,17,2,0,3,0,0,2,1
Whitmore,Midshelf,2019,6,P3200346.JPG,19,3,0,1,0,0,1,1
Whitmore,Midshelf,2019,6,P3200347.JPG,20,1,0,3,0,0,0,1
Whitmore,Midshelf,2019,7,P3200351.JPG,20,0,0,3,0,0,1,1
Whitmore,Midshelf,2019,7,P3200355.JPG,10,8,0,5,0,0,2,0
Whitmore,Midshelf,2019,7,P3200356.JPG,11,7,0,3,0,0,4,0
Whitmore,Midshelf,2019,7,P3200357.JPG,13,2,0,10,0,0,0,0
Whitmore,Midshelf,2019,7,P3200358.JPG,12,5,0,7,0,0,1,0
Whitmore,Midshelf,2019,7,P3200359.JPG,7,9,0,8,0,0,1,0
Whitmore,Midshelf,2019,7,P3200360.JPG,15,8,0,0,0,0,2,0
Whitmore,Midshelf,2019,7,P3200361.JPG,11,7,0,4,0,0,3,0
Whitmore,Midshelf,2019,7,P3200362.JPG,25,0,0,0,0,0,0,0
Whitmore,Midshelf,2019,7,P3200363.JPG,24,0,0,0,0,0,1,0
Whitmore,Midshelf,2019,7,P3200364.JPG,17,0,0,2,0,0,5,1
Whitmore,Midshelf,2019,7,P3200366.JPG,19,0,0,0,0,0,5,1
Whitmore,Midshelf,2019,8,P3200378.JPG,14,5,0,2,0,0,4,0
Whitmore,Midshelf,2019,8,P3200380.JPG,9,0,0,4,0,1,10,1
Whitmore,Midshelf,2019,8,P3200381.JPG,8,10,0,1,0,1,5,0
Whitmore,Midshelf,2019,8,P3200382.JPG,11,2,0,4,0,0,7,1
Whitmore,Midshelf,2019,8,P3200383.JPG,13,4,0,5,0,0,3,0
Whitmore,Midshelf,2019,8,P3200384.JPG,15,2,0,3,0,0,5,0
Whitmore,Midshelf,2019,8,P3200386.JPG,5,1,0,2,0,1,15,1
Whitmore,Midshelf,2019,8,P3200388.JPG,9,0,0,2,0,1,13,0
Whitmore,Midshelf,2019,8,P3200390.JPG,6,0,0,1,0,1,17,0
Whitmore,Midshelf,2019,8,P3200391.JPG,10,2,0,2,0,2,9,0
NWR,Offshore,2019,1,P5200309.JPG,18,6,0,0,1,0,0,0
NWR,Offshore,2019,1,P5200310.JPG,15,6,0,2,0,2,0,0
NWR,Offshore,2019,1,P5200311.JPG,15,6,0,1,0,1,2,0
NWR,Offshore,2019,1,P5200312.JPG,20,1,0,1,0,2,0,1
NWR,Offshore,2019,1,P5200313.JPG,19,1,0,1,2,2,0,0
NWR,Offshore,2019,1,P5200314.JPG,17,3,0,2,0,3,0,0
NWR,Offshore,2019,1,P5200315.JPG,11,12,0,1,0,1,0,0
NWR,Offshore,2019,2,P5200317.JPG,11,3,0,0,0,3,8,0
NWR,Offshore,2019,2,P5200318.JPG,15,6,0,3,0,1,0,0
NWR,Offshore,2019,2,P5200319.JPG,18,0,0,1,0,6,0,0
NWR,Offshore,2019,2,P5200320.JPG,14,6,0,1,0,4,0,0
NWR,Offshore,2019,2,P5200321.JPG,13,11,0,0,0,1,0,0
NWR,Offshore,2019,2,P5200322.JPG,16,4,0,1,0,2,1,1
NWR,Offshore,2019,2,P5200323.JPG,23,0,0,0,0,2,0,0
NWR,Offshore,2019,2,P5200324.JPG,21,1,0,0,2,0,0,1
NWR,Offshore,2019,2,P5200325.JPG,11,10,0,0,0,1,0,3
NWR,Offshore,2019,2,P5200326.JPG,19,2,0,1,0,0,0,3
NWR,Offshore,2019,2,P5200327.JPG,12,0,0,3,3,7,0,0
NWR,Offshore,2019,2,P5200328.JPG,15,0,0,1,0,8,0,1
NWR,Offshore,2019,2,P5200329.JPG,25,0,0,0,0,0,0,0
NWR,Offshore,2019,2,P5200330.JPG,8,15,0,1,0,1,0,0
NWR,Offshore,2019,2,P5200331.JPG,16,1,0,1,0,1,0,6
NWR,Offshore,2019,2,P5200332.JPG,20,1,0,1,3,0,0,0
NWR,Offshore,2019,2,P5200333.JPG,11,6,0,2,1,2,0,3
NWR,Offshore,2019,2,P5200334.JPG,19,1,0,1,3,1,0,0
NWR,Offshore,2019,2,P5200335.JPG,12,0,0,2,4,5,2,0
NWR,Offshore,2019,2,P5200336.JPG,15,0,0,3,2,5,0,0
NWR,Offshore,2019,2,P5200337.JPG,7,0,0,5,0,13,0,0
NWR,Offshore,2019,3,P5200339.JPG,15,0,0,0,10,0,0,0
NWR,Offshore,2019,3,P5200340.JPG,14,0,0,2,5,4,0,0
NWR,Offshore,2019,3,P5200341.JPG,9,0,0,2,8,6,0,0
NWR,Offshore,2019,3,P5200342.JPG,14,0,0,1,6,4,0,0
NWR,Offshore,2019,3,P5200343.JPG,15,0,0,1,5,4,0,0
NWR,Offshore,2019,3,P5200344.JPG,18,0,0,1,2,4,0,0
NWR,Offshore,2019,3,P5200345.JPG,11,0,0,0,10,4,0,0
NWR,Offshore,2019,3,P5200346.JPG,17,0,0,0,3,5,0,0
NWR,Offshore,2019,3,P5200347.JPG,14,0,0,1,3,7,0,0
NWR,Offshore,2019,3,P5200348.JPG,15,0,0,1,3,6,0,0
NWR,Offshore,2019,4,P5200350.JPG,17,0,0,3,0,5,0,0
NWR,Offshore,2019,4,P5200351.JPG,8,0,0,0,0,17,0,0
NWR,Offshore,2019,4,P5200352.JPG,17,0,0,0,4,4,0,0
NWR,Offshore,2019,4,P5200353.JPG,18,0,0,4,0,3,0,0
NWR,Offshore,2019,4,P5200354.JPG,16,0,0,1,0,8,0,0
NWR,Offshore,2019,4,P5200356.JPG,17,1,0,0,0,7,0,0
NWR,Offshore,2019,4,P5200357.JPG,11,0,0,2,0,12,0,0
NWR,Offshore,2019,4,P5200358.JPG,16,0,0,0,0,9,0,0
NWR,Offshore,2019,4,P5200359.JPG,18,0,0,0,4,0,1,2
NWR,Offshore,2019,4,P5200360.JPG,19,0,0,2,1,0,0,3
NWR,Offshore,2019,5,P5200362.JPG,18,1,0,0,1,4,0,1
NWR,Offshore,2019,5,P5200363.JPG,21,1,0,0,0,0,0,3
NWR,Offshore,2019,5,P5200364.JPG,23,0,0,0,0,2,0,0
NWR,Offshore,2019,5,P5200365.JPG,22,1,0,0,0,2,0,0
NWR,Offshore,2019,5,P5200366.JPG,14,2,0,0,1,5,0,3
NWR,Offshore,2019,5,P5200367.JPG,15,0,0,3,0,7,0,0
NWR,Offshore,2019,5,P5200368.JPG,18,0,0,0,3,3,0,1
NWR,Offshore,2019,5,P5200369.JPG,13,1,0,1,4,4,0,2
NWR,Offshore,2019,5,P5200370.JPG,24,0,0,0,0,1,0,0
NWR,Offshore,2019,5,P5200371.JPG,17,0,0,1,1,6,0,0
NWR,Offshore,2019,5,P5200372.JPG,18,0,0,0,0,4,0,3
NWR,Offshore,2019,6,P5200374.JPG,22,0,0,0,0,1,0,2
NWR,Offshore,2019,6,P5200375.JPG,22,1,0,0,0,1,0,1
NWR,Offshore,2019,6,P5200376.JPG,12,8,0,2,0,0,0,3
NWR,Offshore,2019,6,P5200377.JPG,21,0,0,0,1,2,0,1
NWR,Offshore,2019,6,P5200378.JPG,14,0,0,1,7,3,0,0
NWR,Offshore,2019,6,P5200379.JPG,14,1,0,0,8,2,0,0
NWR,Offshore,2019,6,P5200380.JPG,18,0,0,1,1,5,0,0
NWR,Offshore,2019,6,P5200381.JPG,16,2,0,0,0,2,0,5
NWR,Offshore,2019,6,P5200382.JPG,18,0,0,1,2,4,0,0
NWR,Offshore,2019,6,P5200383.JPG,21,0,0,2,0,0,0,2
NWR,Offshore,2019,6,P5200384.JPG,14,0,0,0,4,7,0,0
NWR,Offshore,2019,6,P5200385.JPG,7,0,0,0,9,9,0,0
NWR,Offshore,2019,6,P5200386.JPG,16,2,0,0,6,0,0,1
NWR,Offshore,2019,6,P5200387.JPG,8,0,0,0,9,8,0,0
NWR,Offshore,2019,7,P5200389.JPG,18,0,0,0,3,4,0,0
NWR,Offshore,2019,7,P5200390.JPG,13,0,0,0,2,10,0,0
NWR,Offshore,2019,7,P5200391.JPG,15,0,0,0,0,10,0,0
NWR,Offshore,2019,7,P5200392.JPG,15,0,0,0,3,7,0,0
NWR,Offshore,2019,7,P5200393.JPG,20,0,0,0,2,3,0,0
NWR,Offshore,2019,7,P5200394.JPG,16,0,0,1,1,7,0,0
NWR,Offshore,2019,7,P5200395.JPG,19,0,0,0,3,3,0,0
NWR,Offshore,2019,7,P5200396.JPG,21,0,0,0,4,0,0,0
NWR,Offshore,2019,7,P5200397.JPG,15,0,0,0,1,9,0,0
NWR,Offshore,2019,7,P5200398.JPG,18,0,0,0,4,3,0,0
NWR,Offshore,2019,7,P5200399.JPG,7,0,0,0,8,10,0,0
South_Solitary,Offshore,2019,1,P5240005.JPG,9,2,0,5,1,8,0,0
South_Solitary,Offshore,2019,1,P5240006.JPG,5,18,0,0,0,2,0,0
South_Solitary,Offshore,2019,1,P5240007.JPG,12,0,0,5,5,0,1,2
South_Solitary,Offshore,2019,1,P5240008.JPG,12,1,0,10,0,1,1,0
South_Solitary,Offshore,2019,1,P5240009.JPG,17,0,0,1,2,2,0,3
South_Solitary,Offshore,2019,1,P5240010.JPG,19,2,0,2,0,2,0,0
South_Solitary,Offshore,2019,1,P5240011.JPG,13,4,0,1,0,6,0,1
South_Solitary,Offshore,2019,1,P5240012.JPG,20,0,0,1,0,4,0,0
South_Solitary,Offshore,2019,1,P5240013.JPG,13,5,0,3,0,4,0,0
South_Solitary,Offshore,2019,1,P5240014.JPG,9,13,0,2,0,1,0,0
South_Solitary,Offshore,2019,1,P5240015.JPG,11,3,0,6,0,5,0,0
South_Solitary,Offshore,2019,1,P5240016.JPG,17,3,0,3,0,2,0,0
South_Solitary,Offshore,2019,2,P5240018.JPG,15,1,0,2,0,7,0,0
South_Solitary,Offshore,2019,2,P5240019.JPG,15,5,0,3,0,1,0,1
South_Solitary,Offshore,2019,2,P5240020.JPG,17,0,0,2,0,6,0,0
South_Solitary,Offshore,2019,2,P5240021.JPG,15,4,0,0,0,6,0,0
South_Solitary,Offshore,2019,2,P5240022.JPG,16,4,0,4,0,1,0,0
South_Solitary,Offshore,2019,2,P5240023.JPG,16,0,0,6,0,3,0,0
South_Solitary,Offshore,2019,2,P5240024.JPG,17,6,0,0,0,2,0,0
South_Solitary,Offshore,2019,2,P5240025.JPG,13,7,0,0,0,5,0,0
South_Solitary,Offshore,2019,2,P5240026.JPG,12,5,0,2,0,3,3,0
South_Solitary,Offshore,2019,2,P5240027.JPG,19,0,0,4,0,2,0,0
South_Solitary,Offshore,2019,2,P5240028.JPG,17,0,0,3,0,4,0,1
South_Solitary,Offshore,2019,2,P5240029.JPG,16,0,0,6,0,3,0,0
South_Solitary,Offshore,2019,3,P5240037.JPG,21,0,0,1,0,2,1,0
South_Solitary,Offshore,2019,3,P5240038.JPG,11,10,0,2,0,2,0,0
South_Solitary,Offshore,2019,3,P5240039.JPG,19,3,0,3,0,0,0,0
South_Solitary,Offshore,2019,3,P5240040.JPG,18,1,0,0,0,2,4,0
South_Solitary,Offshore,2019,3,P5240041.JPG,18,0,0,5,0,2,0,0
South_Solitary,Offshore,2019,3,P5240042.JPG,10,7,0,1,0,6,0,1
South_Solitary,Offshore,2019,3,P5240043.JPG,15,7,0,1,0,0,0,2
South_Solitary,Offshore,2019,3,P5240044.JPG,11,6,0,3,0,5,0,0
South_Solitary,Offshore,2019,3,P5240045.JPG,8,8,0,2,0,3,0,4
South_Solitary,Offshore,2019,3,P5240046.JPG,13,11,0,0,0,1,0,0
South_Solitary,Offshore,2019,3,P5240047.JPG,18,3,0,1,0,2,0,1
South_Solitary,Offshore,2019,3,P5240048.JPG,22,1,0,0,0,2,0,0
South_Solitary,Offshore,2019,4,P5240050.JPG,17,1,0,3,0,2,0,2
South_Solitary,Offshore,2019,4,P5240051.JPG,9,9,0,1,0,5,0,1
South_Solitary,Offshore,2019,4,P5240052.JPG,16,1,0,7,0,0,0,1
South_Solitary,Offshore,2019,4,P5240053.JPG,12,4,0,6,0,3,0,0
South_Solitary,Offshore,2019,4,P5240054.JPG,21,2,0,0,0,1,0,1
South_Solitary,Offshore,2019,4,P5240055.JPG,10,7,0,6,0,0,2,0
South_Solitary,Offshore,2019,4,P5240056.JPG,13,9,0,2,0,1,0,0
South_Solitary,Offshore,2019,4,P5240057.JPG,11,2,0,3,0,5,4,0
South_Solitary,Offshore,2019,4,P5240058.JPG,16,6,0,2,0,1,0,0
South_Solitary,Offshore,2019,4,P5240059.JPG,13,2,0,4,0,6,0,0
South_Solitary,Offshore,2019,4,P5240060.JPG,21,2,0,2,0,0,0,0
South_Solitary,Offshore,2019,4,P5240061.JPG,15,0,0,6,0,3,0,1
South_Solitary,Offshore,2019,5,P5240064.JPG,4,3,0,0,10,8,0,0
South_Solitary,Offshore,2019,5,P5240065.JPG,17,0,0,1,1,5,0,1
South_Solitary,Offshore,2019,5,P5240066.JPG,11,4,0,1,2,3,4,0
South_Solitary,Offshore,2019,5,P5240067.JPG,17,2,0,2,0,4,0,0
South_Solitary,Offshore,2019,5,P5240068.JPG,8,4,0,6,6,1,0,0
South_Solitary,Offshore,2019,5,P5240069.JPG,11,11,0,1,1,1,0,0
South_Solitary,Offshore,2019,5,P5240070.JPG,11,3,0,4,1,0,0,6
South_Solitary,Offshore,2019,5,P5240071.JPG,19,1,0,0,5,0,0,0
South_Solitary,Offshore,2019,5,P5240072.JPG,12,5,0,1,4,3,0,0
South_Solitary,Offshore,2019,5,P5240073.JPG,21,0,0,1,1,2,0,0
South_Solitary,Offshore,2019,5,P5240074.JPG,16,3,0,3,0,1,0,2
South_Solitary,Offshore,2019,5,P5240075.JPG,15,3,0,2,0,5,0,0
South_Solitary,Offshore,2019,6,P5240078.JPG,7,10,0,0,0,3,3,2
South_Solitary,Offshore,2019,6,P5240079.JPG,11,6,0,3,3,1,1,0
South_Solitary,Offshore,2019,6,P5240080.JPG,10,13,0,0,0,2,0,0
South_Solitary,Offshore,2019,6,P5240081.JPG,15,5,0,1,0,1,0,3
South_Solitary,Offshore,2019,6,P5240083.JPG,6,16,0,0,3,0,0,0
South_Solitary,Offshore,2019,6,P5240084.JPG,18,5,0,0,0,2,0,0
South_Solitary,Offshore,2019,6,P5240085.JPG,20,1,0,1,2,1,0,0
South_Solitary,Offshore,2019,6,P5240086.JPG,19,1,0,4,0,1,0,0
South_Solitary,Offshore,2019,6,P5240087.JPG,22,0,0,2,0,1,0,0
South_Solitary,Offshore,2019,6,P5240088.JPG,19,0,0,1,0,4,0,1
South_Solitary,Offshore,2019,6,P5240089.JPG,23,1,0,0,0,1,0,0
South_Solitary,Offshore,2019,6,P5240090.JPG,11,11,0,0,0,1,0,2
South_Solitary,Offshore,2019,7,P5240093.JPG,17,4,0,0,0,4,0,0
South_Solitary,Offshore,2019,7,P5240097.JPG,11,11,0,0,0,2,0,1
South_Solitary,Offshore,2019,7,P5240098.JPG,6,16,0,1,0,2,0,0
South_Solitary,Offshore,2019,7,P5240100.JPG,17,5,0,1,0,0,0,2
South_Solitary,Offshore,2019,7,P5240101.JPG,18,3,0,2,0,2,0,0
South_Solitary,Offshore,2019,7,P5240102.JPG,25,0,0,0,0,0,0,0
South_Solitary,Offshore,2019,7,P5240103.JPG,20,1,0,1,0,1,2,0
South_Solitary,Offshore,2019,7,P5240104.JPG,20,0,0,0,0,3,0,2
South_Solitary,Offshore,2019,7,P5240105.JPG,12,1,0,0,10,2,0,0
South_Solitary,Offshore,2019,7,P5240106.JPG,16,2,0,0,0,2,5,0
South_Solitary,Offshore,2019,7,P5240108.JPG,18,2,0,2,0,0,1,2
South_Solitary,Offshore,2019,7,P5240109.JPG,17,2,0,3,0,3,0,0
South_Solitary,Offshore,2019,8,P5240112.JPG,7,16,0,0,0,0,2,0
South_Solitary,Offshore,2019,8,P5240113.JPG,1,21,0,0,0,2,1,0
South_Solitary,Offshore,2019,8,P5240115.JPG,0,24,0,0,0,0,1,0
South_Solitary,Offshore,2019,8,P5240116.JPG,19,4,0,0,0,2,0,0
South_Solitary,Offshore,2019,8,P5240117.JPG,4,20,0,0,0,1,0,0
South_Solitary,Offshore,2019,8,P5240118.JPG,6,15,0,1,0,1,0,2
South_Solitary,Offshore,2019,8,P5240119.JPG,15,4,0,2,0,4,0,0
South_Solitary,Offshore,2019,8,P5240120.JPG,9,11,0,0,0,4,1,0
South_Solitary,Offshore,2019,8,P5240121.JPG,18,4,0,1,0,1,1,0
South_Solitary,Offshore,2019,8,P5240122.JPG,19,2,0,2,0,1,0,1
South_Solitary,Offshore,2019,8,P5240123.JPG,10,8,0,5,0,0,0,2
South_Solitary,Offshore,2019,8,P5240124.JPG,12,8,0,2,0,0,0,3
South_Solitary,Offshore,2019,8,P5240125.JPG,9,16,0,0,0,0,0,0
South_Solitary,Offshore,2019,8,P5240126.JPG,19,1,0,2,0,3,0,0
South_Solitary,Offshore,2019,8,P5240127.JPG,11,5,0,3,1,0,0,5
North_Solitary,Offshore,2019,1,P5250169.JPG,0,0,0,1,0,24,0,0
North_Solitary,Offshore,2019,1,P5250170.JPG,15,5,0,4,0,0,1,0
North_Solitary,Offshore,2019,1,P5250171.JPG,25,0,0,0,0,0,0,0
North_Solitary,Offshore,2019,1,P5250172.JPG,19,5,0,1,0,0,0,0
North_Solitary,Offshore,2019,1,P5250173.JPG,18,6,0,0,0,1,0,0
North_Solitary,Offshore,2019,1,P5250174.JPG,12,0,0,0,6,7,0,0
North_Solitary,Offshore,2019,1,P5250175.JPG,18,3,0,0,2,1,1,0
North_Solitary,Offshore,2019,1,P5250176.JPG,22,0,0,1,0,2,0,0
North_Solitary,Offshore,2019,1,P5250177.JPG,13,7,0,3,1,1,0,0
North_Solitary,Offshore,2019,1,P5250179.JPG,11,3,0,1,6,4,0,0
North_Solitary,Offshore,2019,2,P5250181.JPG,11,9,0,0,3,0,0,2
North_Solitary,Offshore,2019,2,P5250183.JPG,6,7,0,1,0,10,0,1
North_Solitary,Offshore,2019,2,P5250184.JPG,16,8,0,0,0,0,0,1
North_Solitary,Offshore,2019,2,P5250185.JPG,17,6,0,0,0,1,0,1
North_Solitary,Offshore,2019,2,P5250186.JPG,0,16,0,0,0,1,8,0
North_Solitary,Offshore,2019,2,P5250187.JPG,14,8,0,0,0,3,0,0
North_Solitary,Offshore,2019,2,P5250189.JPG,8,4,0,1,9,1,2,0
North_Solitary,Offshore,2019,2,P5250190.JPG,8,4,0,0,0,10,3,0
North_Solitary,Offshore,2019,2,P5250191.JPG,8,2,0,2,0,0,13,0
North_Solitary,Offshore,2019,3,P5250193.JPG,13,3,0,0,0,4,5,0
North_Solitary,Offshore,2019,3,P5250194.JPG,12,1,0,0,0,3,9,0
North_Solitary,Offshore,2019,3,P5250195.JPG,17,0,0,0,0,8,0,0
North_Solitary,Offshore,2019,3,P5250196.JPG,10,1,0,0,0,0,14,0
North_Solitary,Offshore,2019,3,P5250197.JPG,11,5,0,0,0,5,4,0
North_Solitary,Offshore,2019,3,P5250198.JPG,15,0,0,2,0,7,1,0
North_Solitary,Offshore,2019,3,P5250199.JPG,2,0,0,1,0,15,3,4
North_Solitary,Offshore,2019,3,P5250200.JPG,13,8,0,0,0,3,0,1
North_Solitary,Offshore,2019,3,P5250201.JPG,6,8,0,1,0,6,3,1
North_Solitary,Offshore,2019,3,P5250203.JPG,13,0,0,0,0,1,11,0
North_Solitary,Offshore,2019,4,P5250205.JPG,13,1,0,0,0,0,11,0
North_Solitary,Offshore,2019,4,P5250207.JPG,19,0,0,2,0,2,2,0
North_Solitary,Offshore,2019,4,P5250209.JPG,17,0,0,0,0,0,8,0
North_Solitary,Offshore,2019,4,P5250210.JPG,13,2,0,0,0,2,8,0
North_Solitary,Offshore,2019,4,P5250211.JPG,20,4,0,0,0,0,1,0
North_Solitary,Offshore,2019,4,P5250212.JPG,11,2,0,0,0,1,11,0
North_Solitary,Offshore,2019,4,P5250213.JPG,15,9,0,1,0,0,0,0
North_Solitary,Offshore,2019,4,P5250214.JPG,24,0,0,1,0,0,0,0
North_Solitary,Offshore,2019,4,P5250215.JPG,17,4,0,0,0,4,0,0
North_Solitary,Offshore,2019,4,P5250216.JPG,24,0,0,0,0,1,0,0
North_Solitary,Offshore,2019,5,P5250218.JPG,3,0,0,7,0,15,0,0
North_Solitary,Offshore,2019,5,P5250219.JPG,12,10,0,0,0,3,0,0
North_Solitary,Offshore,2019,5,P5250220.JPG,22,1,0,0,1,0,1,0
North_Solitary,Offshore,2019,5,P5250221.JPG,2,23,0,0,0,0,0,0
North_Solitary,Offshore,2019,5,P5250223.JPG,4,16,0,0,4,1,0,0
North_Solitary,Offshore,2019,5,P5250224.JPG,10,1,0,0,0,13,1,0
North_Solitary,Offshore,2019,5,P5250225.JPG,12,0,0,0,0,13,0,0
North_Solitary,Offshore,2019,5,P5250226.JPG,10,3,0,2,1,3,6,0
North_Solitary,Offshore,2019,5,P5250227.JPG,11,12,0,0,1,1,0,0
North_Solitary,Offshore,2019,5,P5250228.JPG,20,2,0,2,0,1,0,0
North_Solitary,Offshore,2019,5,P5250229.JPG,15,6,0,0,0,4,0,0
North_Solitary,Offshore,2019,6,P5250232.JPG,19,2,0,0,1,3,0,0
North_Solitary,Offshore,2019,6,P5250233.JPG,21,2,0,0,1,1,0,0
North_Solitary,Offshore,2019,6,P5250234.JPG,21,2,0,0,0,2,0,0
North_Solitary,Offshore,2019,6,P5250235.JPG,17,0,0,0,4,4,0,0
North_Solitary,Offshore,2019,6,P5250236.JPG,15,9,0,0,0,1,0,0
North_Solitary,Offshore,2019,6,P5250237.JPG,15,7,0,0,1,2,0,0
North_Solitary,Offshore,2019,6,P5250238.JPG,1,22,0,0,0,2,0,0
North_Solitary,Offshore,2019,6,P5250239.JPG,21,4,0,0,0,0,0,0
North_Solitary,Offshore,2019,6,P5250240.JPG,9,12,0,0,0,3,1,0
North_Solitary,Offshore,2019,6,P5250241.JPG,16,7,0,0,0,2,0,0
North_Solitary,Offshore,2019,6,P5250242.JPG,7,17,0,0,1,0,0,0
North_Solitary,Offshore,2019,6,P5250243.JPG,19,3,0,0,1,0,2,0
North_Solitary,Offshore,2019,7,P5250246.JPG,19,0,0,0,0,0,6,0
North_Solitary,Offshore,2019,7,P5250247.JPG,10,11,0,0,1,0,3,0
North_Solitary,Offshore,2019,7,P5250248.JPG,19,4,0,0,0,0,0,2
North_Solitary,Offshore,2019,7,P5250249.JPG,12,12,0,0,0,1,0,0
North_Solitary,Offshore,2019,7,P5250250.JPG,9,14,0,0,2,0,0,0
North_Solitary,Offshore,2019,7,P5250251.JPG,16,3,0,0,2,2,2,0
North_Solitary,Offshore,2019,7,P5250252.JPG,4,12,0,0,0,0,9,0
North_Solitary,Offshore,2019,7,P5250253.JPG,20,5,0,0,0,0,0,0
North_Solitary,Offshore,2019,7,P5250255.JPG,10,11,0,2,0,1,1,0
North_Solitary,Offshore,2019,7,P5250257.JPG,17,0,0,0,1,2,2,3
North_Solitary,Offshore,2019,7,P5250258.JPG,14,4,0,0,6,1,0,0
North_Solitary,Offshore,2019,8,P5250261.JPG,7,17,0,0,0,0,0,1
North_Solitary,Offshore,2019,8,P5250262.JPG,18,6,0,0,0,1,0,0
North_Solitary,Offshore,2019,8,P5250263.JPG,12,10,0,2,0,0,1,0
North_Solitary,Offshore,2019,8,P5250264.JPG,20,3,0,1,0,0,1,0
North_Solitary,Offshore,2019,8,P5250265.JPG,16,7,0,2,0,0,0,0
North_Solitary,Offshore,2019,8,P5250266.JPG,18,5,0,0,0,2,0,0
North_Solitary,Offshore,2019,8,P5250267.JPG,20,1,0,1,0,0,3,0
North_Solitary,Offshore,2019,8,P5250268.JPG,6,0,0,1,13,5,0,0
North_Solitary,Offshore,2019,8,P5250269.JPG,17,2,0,0,0,0,6,0
North_Solitary,Offshore,2019,8,P5250270.JPG,13,2,0,2,0,7,1,0
North_Solitary,Offshore,2019,8,P5250271.JPG,17,0,0,1,0,1,6,0
North_Solitary,Offshore,2019,8,P5250272.JPG,3,19,0,3,0,0,0,0
